data_1,data_2,data_3,data_4,data_5,data_6,data_7,data_8,data_9,data_10,data_11,data_12,data_13,data_14,data_15
1198.109375 ,207.8222198486328 ,211.05313110351562 ,402.0687561035156 ,0.17345847189426422 ,0.17615513503551483 ,0.3355860114097595 ,0.4219929873943329 ,0.6548076868057251 ,505.59375 ,278.9375 ,297.8656311035156 ,67.8843765258789 ,0.24861304461956024 ,0.056659579277038574