data_1,data_2,data_3,data_4,data_5,data_6,data_7,data_8,data_9,data_10,data_11,data_12,data_13,data_14,data_15
1170.8585937500002,206.03643410852757,214.3070312499983,412.84218749999985,0.17597038208400437,0.18303408489629858,0.3525978198424098,0.41160032801783486,0.6305448926035179,481.9257812500009,256.35312499999895,275.16484375000044,42.04609375000071,0.23501116635161598,0.035910479689384524