data_1,data_2,data_3,data_4,data_5,data_6,data_7,data_8,data_9,data_10,data_11,data_12,data_13,data_14,data_15
3844.125,4064.2,114.6250000000001,648.5125000000003,1.0572496992163365,0.02981822911585864,0.16870224043182785,0.0560530679933665,0.83578837836959,215.475,2997.4,-2783.5750000000003,2871.7000000000003,-0.7241114687997919,0.7470360615224532