AB/PDNa,AB/PDCaT,AB/PDCaS,AB/PDA,AB/PDKCa,AB/PDKd,AB/PDH,AB/PDLeak,LPNa,LPCaT,LPCaS,LPA,LPKCa,LPKd,LPH,LPLeak,PYNa,PYCaT,PYCaS,PYA,PYKCa,PYKd,PYH,PYLeak,SynapsesAB-LP,SynapsesPD-LP,SynapsesAB-PY,SynapsesPD-PY,SynapsesLP-PD,SynapsesLP-PY,SynapsesPY-LP
391.1223783115296,5.451764906839288,1.3504255305443298,43.144554351226105,1.0238407741322346,110.69696698220261,0.014296720937745722,0.006711483533525527,156.9666673737274,0.9651214570265219,2.115170703371794,32.89604989045504,1.7099018223520956,20.784431371302702,0.0016880745370229878,0.025905977996054735,432.860273910004,6.580198196284803,3.2467758590427356,37.72635832574474,3.33557939371362,116.22541833953568,0.023844496049061466,0.028348798024179063,-13.98339243045045,-17.046039932687858,-11.551246030972102,-17.45542822541368,-18.09413308419534,-15.61251877481763,-9.81717331854978
